Question,Answer
Q.1 What is marginal probability?,"A key idea in statistics and probability theory is marginal probability, which is also known as marginal distribution. With reference to a certain variable of interest, it is the likelihood that an event will occur, without taking into account the results of other variables. Basically, it treats the other variables as if they were “marginal” or irrelevant and concentrates on one."
Q.2 What are the probability axioms?,"The fundamental rules that control the behaviour and characteristics of probabilities in probability theory and statistics are referred to as the probability axioms, sometimes known as the probability laws or probability principles."
Q.3 What is conditional probability?,"The event or outcome occurring based on the existence of a prior event or outcome is known as conditional probability. It is determined by multiplying the probability of the earlier occurrence by the increased lprobability of the later, or conditional, event."
Q.4 What is Bayes’ Theorem and when is it used in data science?,The Bayes theorem predicts the probability that an event connected to any condition would occur. It is also taken into account in the situation of conditional probability. The probability of “causes” formula is another name for the Bayes theorem.
Q.5 Define variance and conditional variance.,A statistical concept known as variance quantifies the spread or dispersion of a group of data points within a dataset. It sheds light on how widely individual data points depart from the dataset’s mean (average). It assesses the variability or “scatter” of data.
"Q.6 Explain the concepts of mean, median, mode, and standard deviation.","Mean: The mean, often referred to as the average, is calculated by summing up all the values in a dataset and then dividing by the total number of values."
Q.7 What is the normal distribution and standard normal distribution?,"The normal distribution, also known as the Gaussian distribution or bell curve, is a continuous probability distribution that is characterized by its symmetric bell-shaped curve. The normal distribution is defined by two parameters: the mean (μ) and the standard deviation (σ). The mean determines the center of the distribution, and the standard deviation determines the spread or dispersion of the distribution. The distribution is symmetric around its mean, and the bell curve is centered at the mean. The probabilities for values that are further from the mean taper off equally in both directions. Similar rarity applies to extreme values in the two tails of the distribution. Not all symmetrical distributions are normal, even though the normal distribution is symmetrical."
"Q.8 What is SQL, and what does it stand for?","SQL stands for Structured Query Language.It is a specialized programming language used for managing and manipulating relational databases. It is designed for tasks related to database management, data retrieval, data manipulation, and data definition."
Q.9 Explain the differences between SQL and NoSQL databases.,"Both SQL (Structured Query Language) and NoSQL (Not Only SQL) databases, differ in their data structures, schema, query languages, and use cases. The following are the main variations between SQL and NoSQL databases."
Q.10 What are the primary SQL database management systems (DBMS)?,"Relational database systems, both open source and commercial, are the main SQL (Structured Query Language) database management systems (DBMS), which are widely used for managing and processing structured data. Some of the most popular SQL database management systems are listed below:"
Q.11 What is the ER model in SQL?,"The structure and relationships between the data entities in a database are represented by the Entity-Relationship (ER) model, a conceptual framework used in database architecture. The ER model is frequently used in conjunction with SQL for creating the structure of relational databases even though it is not a component of the SQL language itself."
Q.12 What is data transformation?,"The process of transforming data from one structure, format, or representation into another is referred to as data transformation. In order to make the data more suited for a given goal, such as analysis, visualisation, reporting, or storage, this procedure may involve a variety of actions and changes to the data. Data integration, cleansing, and analysis depend heavily on data transformation, which is a common stage in data preparation and processing pipelines."
Q.13 What are the main components of a SQL query?,"A relational database’s data can be retrieved, modified, or managed via a SQL (Structured Query Language) query. The operation of a SQL query is defined by a number of essential components, each of which serves a different function."
Q.14 What is a primary key?,"A relational database table’s main key, also known as a primary keyword, is a column that is unique for each record. It is a distinctive identifier.The primary key of a relational database must be unique. Every row of data must have a primary key value and none of the rows can be null."
"Q.15 What is the purpose of the GROUP BY clause, and how is it used?","In SQL, the GROUP BY clause is used to create summary rows out of rows that have the same values in a set of specified columns. In order to do computations on groups of rows as opposed to individual rows, it is frequently used in conjunction with aggregate functions like SUM, COUNT, AVG, MAX, or MIN. we may produce summary reports and perform more in-depth data analysis using the GROUP BY clause."
"Q.16 What is the WHERE clause used for, and how is it used to filter data?","In SQL, the WHERE clause is used to filter rows from a table or result set according to predetermined criteria. It enables us to pick only the rows that satisfy particular requirements or follow a pattern. A key element of SQL queries, the WHERE clause is frequently used for data retrieval and manipulation."
Q.17 How do you retrieve distinct values from a column in SQL?,"Using the DISTINCT keyword in combination with the SELECT command, we can extract distinct values from a column in SQL. By filtering out duplicate values and returning only unique values from the specified column, the DISTINCT keyword is used."
Q.18 What is the HAVING clause?,"To filter query results depending on the output of aggregation functions, the HAVING clause, a SQL clause, is used along with the GROUP BY clause. The HAVING clause filters groups of rows after they have been grouped by one or more columns, in contrast to the WHERE clause, which filters rows before they are grouped."
Q.19 How do you handle missing or NULL values in a database table?,"Missing or NULL values can arise due to various reasons, such as incomplete data entry, optional fields, or data extraction processes."
Q.20 What is the difference between supervised and unsupervised machine learning?,The difference between Supervised Learning and Unsupervised Learning are as follow:
"Q.21 What is linear regression, and What are the different assumptions of linear regression algorithms?",Linear Regression – It is type of Supervised Learning where we compute a linear relationship between the predictor and response variable. It is based on the linear equation concept given by:
"Q.22 Logistic regression is a classification technique, why its name is regressions, not logistic classifications?","While logistic regression is used for classification, it still maintains a regression structure underneath. The key idea is to model the probability of an event occurring (e.g., class 1 in binary classification) using a linear combination of features, and then apply a logistic (Sigmoid) function to transform this linear combination into a probability between 0 and 1. This transformation is what makes it suitable for classification tasks."
Q.23 What is the logistic function (sigmoid function) in logistic regression?,"Sigmoid Function: It is a mathematical function which is characterized by its S- shape curve. Sigmoid functions have the tendency to squash a data point to lie within 0 and 1. This is why it is also called Squashing function, which is given as:"
Q.24 What is overfitting and how can be overcome this?,Overfitting refers to the result of analysis of a dataset which fits so closely with training data that it fails to generalize with unseen/future data. This happens when the model is trained with noisy data which causes it to learn the noisy features from the training as well.
"Q.25 What is a support vector machine (SVM), and what are its key components?","Support Vector machines are a type of Supervised algorithm which can be used for both Regression and Classification problems. In SVMs, the main goal is to find a hyperplane which will be used to segregate different data points into classes. Any new data point will be classified based on this defined hyperplane."
Q.26 Explain the k-nearest neighbors (KNN) algorithm.,The k-Nearest Neighbors (KNN) algorithm is a simple and versatile supervised machine learning algorithm used for both classification and regression tasks. KNN makes predictions by memorizing the data points rather than building a model about it. This is why it is also called “lazy learner” or “memory based” model too.
"Q.27 What is the Naïve Bayes algorithm, what are the different assumptions of Naïve Bayes?","The Naïve Bayes algorithm is a probabilistic classification algorithm based on Bayes’ theorem with a “naïve” assumption of feature independence within each class. It is commonly used for both binary and multi-class classification tasks, particularly in situations where simplicity, speed, and efficiency are essential."
"Q.28 What are decision trees, and how do they work?",Decision trees are a popular machine learning algorithm used for both classification and regression tasks. They work by creating a tree-like structure of decisions based on input features to make predictions or decisions. Lets dive into its core concepts and how they work briefly:
Q.29 Explain the concepts of entropy and information gain in decision trees.,"Entropy: Entropy is the measure of randomness. In terms of Machine learning, Entropy can be defined as the measure of randomness or impurity in our dataset. It is given as:"
Q.30 What is the difference between the bagging and boosting model?,Category
Q.31 Describe random forests and their advantages over single-decision trees.,Random Forests are an ensemble learning technique that combines multiple decision trees to improve predictive accuracy and reduce overfitting. The advantages it has over single decision trees are:
"Q.32 What is K-Means, and how will it work?","K-Means is an unsupervised machine learning algorithm used for clustering or grouping similar data points together. It aims to partition a dataset into K clusters, where each cluster represents a group of data points that are close to each other in terms of some similarity measure. The working of K-means is as follow:"
Q.33 What is a confusion matrix? Explain with an example.,"Confusion matrix is a table used to evaluate the performance of a classification model by presenting a comprehensive view of the model’s predictions compared to the actual class labels. It provides valuable information for assessing the model’s accuracy, precision, recall, and other performance metrics in a binary or multi-class classification problem."
Q.34 What is a classification report and explain the parameters used to interpret the result of classification tasks with an example.,"A classification report is a summary of the performance of a classification model, providing various metrics that help assess the quality of the model’s predictions on a classification task."
Q.35 Explain the uniform distribution.,"A fundamental probability distribution in statistics is the uniform distribution, commonly referred to as the rectangle distribution. A constant probability density function (PDF) across a limited range characterises it. In simpler terms, in a uniform distribution, every value within a specified range has an equal chance of occurring."
Q.36 Describe the Bernoulli distribution.,"A discrete probability distribution, the Bernoulli distribution is focused on discrete random variables. The number of heads you obtain while tossing three coins at once or the number of pupils in a class are examples of discrete random variables that have a finite or countable number of potential values."
Q.37 What is the binomial distribution?,"The binomial distribution is a discrete probability distribution that describes the number of successes in a fixed number of independent Bernoulli trials, where each trial has only two possible outcomes: success or failure. The outcomes are often referred to as “success” and “failure,” but they can represent any dichotomous outcome, such as heads or tails, yes or no, or defective or non-defective."
Q.38 Explain the exponential distribution and where it’s commonly used.,"The probability distribution of the amount of time between events in the Poisson point process is known as the exponential distribution. The gamma distribution is thought of as a particular instance of the exponential distribution. Additionally, the geometric distribution’s continuous analogue is the exponential distribution."
Q.39 Describe the Poisson distribution and its characteristics.,The Poisson distribution is a probability distribution that describes the number of events that occur within a fixed interval of time or space when the events happen at a constant mean rate and are independent of the time since the last event.
Q.41 Describe the chi-squared distribution.,"The chi-squared distribution is a continuous probability distribution that arises in statistics and probability theory. It is commonly denoted as χ2 (chi-squared) and is associated with degrees of freedom. The chi-squared distribution is particularly used to model the distribution of the sum of squared independent standard normal random variables.It is also used to determine if data series are independent, the goodness of fit of a data distribution, and the level of confidence in the variance and standard deviation of a random variable with a normal distribution."
"Q.42 What is the difference between z-test, F-test, and t-test?","The z-test, t-test, and F-test are all statistical hypothesis tests used in different situations and for different purposes. Here’s a overview of each test and the key differences between them."
"Q.43 What is the central limit theorem, and why is it significant in statistics?","The Central Limit Theorem states that, regardless of the shape of the population distribution, the distribution of the sample means approaches a normal distribution as the sample size increases.This is true even if the population distribution is not normal. The larger the sample size, the closer the sampling distribution of the sample mean will be to a normal distribution."
"Q.44 Describe the process of hypothesis testing, including null and alternative hypotheses.","Hypothesis testing is a statistical method used to make inferences about population parameters based on sample data.It is a systematic way of evaluating statements or hypotheses about a population using observed sample data.To identify which statement is best supported by the sample data, it compares two statements about a population that are mutually exclusive."
"Q.45 How do you calculate a confidence interval, and what does it represent?","A confidence interval (CI) is a statistical range or interval estimate for a population parameter, such as the population mean or population proportion, based on sample data. to calculate confidence interval these are the following steps."
Q.46 What is a p-value in Statistics?,"The term “p-value,” which stands for “probability value,” is a key one in statistics and hypothesis testing. It measures the evidence contradicting a null hypothesis and aids in determining whether a statistical test’s findings are statistically significant. Here is a definition of a p-value and how it is used in hypothesis testing."
Q.47 Explain Type I and Type II errors in hypothesis testing.,Rejecting a null hypothesis that is actually true in the population results in a type I error (false-positive); failing to reject a null hypothesis that is actually untrue in the population results in a type II error (false-negative).
Q.48 What is the significance level (alpha) in hypothesis testing?,"A crucial metric in hypothesis testing that establishes the bar for judging whether the outcomes of a statistical test are statistically significant is the significance level, which is sometimes indicated as (alpha). It reflects the greatest possible chance of committing a Type I error, or mistakenly rejecting a valid null hypothesis."
Q.49 How can you calculate the correlation coefficient between two variables?,The degree and direction of the linear link between two variables are quantified by the correlation coefficient. The Pearson correlation coefficient is the most widely used method for determining the correlation coefficient. The Pearson correlation coefficient can be calculated as follows.
"Q.50 What is covariance, and how is it related to correlation?","Both covariance and correlation are statistical metrics that show how two variables are related to one another.However, they serve slightly different purposes and have different interpretations."
Q.51 Explain how to perform a hypothesis test for comparing two population means.,"When comparing two population means, a hypothesis test is used to determine whether there is sufficient statistical support to claim that the means of the two distinct populations differ significantly. Tests we can commonly use for include  “paired t-test” or “two -sample t test”. The general procedures for carrying out such a test are as follows."
Q.52 Explain the concept of normalization in database design.,"By minimising data duplication and enhancing data integrity, normalisation is a method in database architecture that aids in the effective organisation of data. It include dividing a big, complicated table into smaller, associated tables while making sure that connections between data elements are preserved. The basic objective of normalisation is to reduce data anomalies, which can happen when data is stored in an unorganised way and include insertion, update, and deletion anomalies."
"Database denormalization is the process of intentionally introducing redundancy into a relational database by merging tables or incorporating redundant data to enhance query performance. Unlike normalization, which minimizes data redundancy for consistency, denormalization prioritizes query speed. By reducing the number of joins required, denormalization can improve read performance for complex queries. However, it may lead to data inconsistencies and increased maintenance complexity. Denormalization is often employed in scenarios where read-intensive operations outweigh the importance of maintaining a fully normalized database structure. Careful consideration and trade-offs are essential to strike a balance between performance and data integrity.","Database denormalization is the process of intentionally introducing redundancy into a relational database by merging tables or incorporating redundant data to enhance query performance. Unlike normalization, which minimizes data redundancy for consistency, denormalization prioritizes query speed. By reducing the number of joins required, denormalization can improve read performance for complex queries. However, it may lead to data inconsistencies and increased maintenance complexity. Denormalization is often employed in scenarios where read-intensive operations outweigh the importance of maintaining a fully normalized database structure. Careful consideration and trade-offs are essential to strike a balance between performance and data integrity."
Q.54 Define different types of SQL functions.,SQL functions can be categorized into several types based on their functionality.
Q.55 Explain the difference between INNER JOIN and LEFT JOIN.,INNER JOIN and LEFT JOIN are two types of SQL JOIN operations used to combine data from multiple tables in a relational database. Here are the some main differences between them.
"Q.56 What is a subquery, and how can it be used in SQL?","A subquery is a query that is nested within another SQL query, also referred to as an inner query or nested query. On the basis of the outcomes of another query, we can use it to get data from one or more tables. SQL’s subqueries capability is employed for a variety of tasks, including data retrieval, computations, and filtering."
Q.57 How do you perform mathematical calculations in SQL queries?,"In SQL, we can perform mathematical calculations in queries using arithmetic operators and functions. Here are some common methods for performing mathematical calculations."
Q.58 What is the purpose of the CASE statement in SQL?,The SQL CASE statement is a flexible conditional expression that may be used to implement conditional logic inside of a query. we can specify various actions or values based on predetermined criteria.
Q.59 What is the difference between a database and a data warehouse?,"Database: Consistency and real-time data processing are prioritised, and they are optimised for storing, retrieving, and managing structured data. Databases are frequently used for administrative functions like order processing, inventory control, and customer interactions."
"Q.60 What is regularization in machine learning, State the differences between L1 and L2 regularization","Regularization: Regularization is the technique to restrict the model overfitting during training by inducing a penalty to the loss. The penalty imposed on the loss function is added so that the complexity of the model can be controlled, thus overcoming the issue of overfitting in the model."
Q.61 Explain the concepts of bias-variance trade-off in machine learning.,"When creating predictive models, the bias-variance trade-off is a key concept in machine learning that deals with finding the right balance between two sources of error, bias and variance. It plays a crucial role in model selection and understanding the generalization performance of a machine learning algorithm. Here’s an explanation of these concepts:"
Q.62 How do we choose the appropriate kernel function in SVM?,"A kernel function is responsible for converting the original data points into a high dimensionality feature space. Choosing the appropriate kernel function in a Support Vector Machine is a crucial step, as it determines how well the SVM can capture the underlying patterns in your data. Below mentioned are some of the ways to choose the suitable kernel function:"
Q.63 How does Naïve Bayes handle categorical and continuous features?,"Naive Bayes is probabilistic approach which assumes that the features are independent of each other. It calculates probabilities associated with each class label based on the observed frequencies of feature values within each class in the training data. This is done by finding the conditional probability of Feature given a class. (i.e., P(feature | class)). To make predictions on categorical data, Naive Bayes calculates the posterior probability of each class given the observed feature values and selects the class with the highest probability as the predicted class label. This is called as “maximum likelihood” estimation."
Q.64 What is Laplace smoothing (add-one smoothing) and why is it used in Naïve Bayes?,"In Naïve Bayes, the conditional probability of an event given a class label is determined as P(event| class). When using this in a classification problem (let’s say a text classification), there could a word which did not appear in the particular class. In those cases, the probability of feature given a class label will be zero. This could create a big problem when getting predictions out of the training data."
Q.65 What are imbalanced datasets and how can we handle them?,"Imbalanced datasets are datasets in which the distribution of class labels (or target values) is heavily skewed, meaning that one class has significantly more instances than any other class. Imbalanced datasets pose challenges because models trained on such data can have a bias toward the majority class, leading to poor performance on the minority class, which is often of greater interest. This will lead to the model not generalizing well on the unseen data."
Q.66 What are outliers in the dataset and how can we detect and remove them?,"An Outlier is a data point that is significantly different from other data points. Usually, Outliers are present in the extremes of the distribution and stand out as compared to their out data point counterparts."
Q.67 What is the curse of dimensionality And How can we overcome this?,"When dealing with a dataset that has high dimensionality (high number of features), we are often encountered with various issues and problems. Some of the issues faced while dealing with dimensionality dataset are listed below:"
Q.68 How does the random forest algorithm handle feature selection?,Mentioned below is how Random forest handles feature selection
Q.69 What is feature engineering? Explain the different feature engineering methods.,"Feature Engineering: It can be defined as a method of preprocessing of data for better analysis purpose which involves different steps like selection, transformation, deletion of features to suit our problem at hand. Feature Engineering is a useful tool which can be used for:"
Q.70 How we will deal with the categorical text values in machine learning?,"Often times, we are encountered with data that has Categorical text values. For example, male/female, first-class/second-class/third-class, etc. These Categorical text values can be divided into two types and based on that we deal with them as follows:"
Q.71 What is DBSCAN and How we will use it?,"Density-Based Spatial Clustering of Applications with Noise (DBSCAN), is a density-based clustering algorithm used for grouping together data points that are close to each other in high-density regions and labeling data points in low-density regions as outliers or noise. Here is how it works:"
Q.72 How does the EM (Expectation-Maximization) algorithm work in clustering?,The Expectation-Maximization (EM) algorithm is a probabilistic approach used for clustering data when dealing with mixture models. EM is commonly used when the true cluster assignments are not known and when there is uncertainty about which cluster a data point belongs to. Here is how it works:
Q.73 Explain the concept of silhouette score in clustering evaluation.,Silhouette score is a metric used to evaluate the quality of clusters produced by a clustering algorithm. Here is how it works:
Q.74 What is the relationship between eigenvalues and eigenvectors in PCA?,"In Principal Component Analysis (PCA), eigenvalues and eigenvectors play a crucial role in the transformation of the original data into a new coordinate system. Let us first define the essential terms:"
Q.75 What is the cross-validation technique in machine learning?,"Cross-validation is a resampling technique used in machine learning to assess and validate the performance of a predictive model. It helps in estimating how well a model is likely to perform on unseen data, making it a crucial step in model evaluation and selection. Cross validation is usually helpful when avoiding overfitting the model. Some of the widely known cross validation techniques are:"
"Q.76 What are the ROC and AUC, explain its significance in binary classification.",Receiver Operating Characteristic (ROC) is a graphical representation of a binary classifier’s performance. It plots the true positive rate (TPR) vs the false positive rate (FPR) at different classification thresholds.
Q.77 Describe gradient descent and its role in optimizing machine learning models.,"Gradient descent is a fundamental optimization algorithm used to minimize a cost or loss function in machine learning and deep learning. Its primary role is to iteratively adjust the parameters of a machine learning model to find the values that minimize the cost function, thereby improving the model’s predictive performance. Here’s how Gradient descent help in optimizing Machine learning models:"
"Q.78 Describe batch gradient descent, stochastic gradient descent, and mini-batch gradient descent.","Batch Gradient Descent: In Batch Gradient Descent, the entire training dataset is used to compute the gradient of the cost function with respect to the model parameters (weights and biases) in each iteration. This means that all training examples are processed before a single parameter update is made. It converges to a more accurate minimum of the cost function but can be slow, especially in a high dimensionality space."
Q.79 Explain the Apriori — Association Rule Mining,Association Rule mining is an algorithm to find relation between two or more different objects. Apriori association is one of the most frequently used and most simple association technique. Apriori Association uses prior knowledge of frequent objects properties. It is based on Apriori property which states that:
Q.80 Explain multivariate distribution in data science.,"A vector with several normally distributed variables is said to have a multivariate normal distribution if any linear combination of the variables likewise has a normal distribution. The multivariate normal distribution is used to approximatively represent the features of specific characteristics in machine learning, but it is also important in extending the central limit theorem to several variables."
Q.81 Describe the concept of conditional probability density function (PDF).,"In probability theory and statistics, the conditional probability density function (PDF) is a notion that represents the probability distribution of a random variable within a certain condition or constraint. It measures the probability of a random variable having a given set of values given a set of circumstances or events."
"Q.82 What is the cumulative distribution function (CDF), and how is it related to PDF?","The probability that a continuous random variable will take on particular values within a range is described by the Probability Density Function (PDF), whereas the Cumulative Distribution Function (CDF) provides the cumulative probability that the random variable will fall below a given value. Both of these concepts are used in probability theory and statistics to describe and analyse probability distributions. The PDF is the CDF’s derivative, and they are related by integration and differentiation."
Q.83 What is ANOVA? What are the different ways to perform ANOVA tests?,"The statistical method known as ANOVA, or Analysis of Variance, is used to examine the variation in a dataset and determine whether there are statistically significant variations between group averages. When comparing the means of several groups or treatments to find out if there are any notable differences, this method is frequently used."
The local minima problem occurs when the optimization algorithm converges a solution that is minimum within a small neighbourhood of the current point but may not be the global minimum for the objective function.,Ans: The local minima problem occurs when the optimization algorithm converges a solution that is minimum within a small neighbourhood of the current point but may not be the global minimum for the objective function.
"Gradient boosting techniques like XGBoost, and CatBoost are used for regression and classification problems. It is a boosting algorithm that combines the predictions of weak learners to create a strong model. The key steps involved in gradient boosting are:","Gradient boosting techniques like XGBoost, and CatBoost are used for regression and classification problems. It is a boosting algorithm that combines the predictions of weak learners to create a strong model. The key steps involved in gradient boosting are:"
Q.86,"In a CNN architecture, convolution operations involve applying small filters (also called kernels) to input data to extract features. These filters slide over the input image covering one small part of the input at a time, computing dot products at each position creating a feature map. This operation captures the similarity between the filter’s pattern and the local features in the input. Strides determine how much the filter moves between positions. The resulting feature maps capture patterns, such as edges, textures, or shapes, and are essential for image recognition tasks. Convolution operations help reduce the spatial dimensions of the data and make the network translation-invariant, allowing it to recognize features in different parts of an image. Pooling layers are often used after convolutions to further reduce dimensions and retain important information."
Q.87,"Deep learning designs that are basic are feedforward neural networks and recurrent neural networks. They are both employed for different tasks, but their structure and how they handle sequential data differ."
"Generative models focus on generating new data samples, while discriminative models concentrate on classification and prediction tasks based on input data.","Generative models focus on generating new data samples, while discriminative models concentrate on classification and prediction tasks based on input data."
Forward and backward propagations are key processes that occur during neural network training in deep learning. They are essential for optimizing network parameters and learning meaningful representations from input.,Forward and backward propagations are key processes that occur during neural network training in deep learning. They are essential for optimizing network parameters and learning meaningful representations from input.
"Markov models are effective methods for capturing and modeling dependencies between successive data points or states in a sequence. They are especially useful when the current condition is dependent on earlier states. The Markov property, which asserts that the future state or observation depends on the current state and is independent of all prior states. There are two types of Markov models used in sequential data analysis:","Markov models are effective methods for capturing and modeling dependencies between successive data points or states in a sequence. They are especially useful when the current condition is dependent on earlier states. The Markov property, which asserts that the future state or observation depends on the current state and is independent of all prior states. There are two types of Markov models used in sequential data analysis:"
"Generative AI is an abbreviation for Generative Artificial Intelligence, which refers to a class of artificial intelligence systems and algorithms that are designed to generate new, unique data or material that is comparable to, or indistinguishable from, human-created data. It is a subset of artificial intelligence that focuses on the creative component of AI, allowing machines to develop innovative outputs such as writing, graphics, audio, and more. There are several generative AI models and methodologies, each adapted to different sorts of data and applications such as:","Generative AI is an abbreviation for Generative Artificial Intelligence, which refers to a class of artificial intelligence systems and algorithms that are designed to generate new, unique data or material that is comparable to, or indistinguishable from, human-created data. It is a subset of artificial intelligence that focuses on the creative component of AI, allowing machines to develop innovative outputs such as writing, graphics, audio, and more. There are several generative AI models and methodologies, each adapted to different sorts of data and applications such as:"
Various neural networks are used to generate artificial data. Here are some of the neural network architectures used for generating artificial data:,Various neural networks are used to generate artificial data. Here are some of the neural network architectures used for generating artificial data:
"Deep Reinforcement Learning (DRL) is a cutting-edge machine learning technique that combines the principles of reinforcement learning with the capability of deep neural networks. Its ability to enable machines to learn difficult tasks independently by interacting with their environments, similar to how people learn via trial and error, has garnered significant attention.","Deep Reinforcement Learning (DRL) is a cutting-edge machine learning technique that combines the principles of reinforcement learning with the capability of deep neural networks. Its ability to enable machines to learn difficult tasks independently by interacting with their environments, similar to how people learn via trial and error, has garnered significant attention."
"Transfer learning is a strong machine learning and deep learning technique that allows models to apply knowledge obtained from one task or domain to a new, but related. It is motivated by the notion that what we learn in one setting can be applied to a new, but comparable, challenge.","Transfer learning is a strong machine learning and deep learning technique that allows models to apply knowledge obtained from one task or domain to a new, but related. It is motivated by the notion that what we learn in one setting can be applied to a new, but comparable, challenge."
"Object detection and Image segmentation are both computer vision tasks that entail evaluating and comprehending image content, but they serve different functions and give different sorts of information.","Object detection and Image segmentation are both computer vision tasks that entail evaluating and comprehending image content, but they serve different functions and give different sorts of information."
"In NLP, the concept of word embedding is use to capture semantic and contextual information. Word embeddings are dense representations of words or phrases in continuous-valued vectors in a high-dimensional space. Each word is mapped to a vector with the real numbers, these vectors are learned from large corpora of text data.","In NLP, the concept of word embedding is use to capture semantic and contextual information. Word embeddings are dense representations of words or phrases in continuous-valued vectors in a high-dimensional space. Each word is mapped to a vector with the real numbers, these vectors are learned from large corpora of text data."
"A neural network architecture called a Sequence-to-Sequence (Seq2Seq) model is made to cope with data sequences, making it particularly helpful for jobs involving variable-length input and output sequences. Machine translation, text summarization, question answering, and other tasks all benefit from its extensive use in natural language processing.","A neural network architecture called a Sequence-to-Sequence (Seq2Seq) model is made to cope with data sequences, making it particularly helpful for jobs involving variable-length input and output sequences. Machine translation, text summarization, question answering, and other tasks all benefit from its extensive use in natural language processing."
Q.98,Artificial neural networks take inspiration from structure and functioning of human brain. The computational units in ANN are called neurons and these neurons are responsible to process and pass the information to the next layer.
Q.99 What is marginal probability?,"A key idea in statistics and probability theory is marginal probability, which is also known as marginal distribution. With reference to a certain variable of interest, it is the likelihood that an event will occur, without taking into account the results of other variables. Basically, it treats the other variables as if they were “marginal” or irrelevant and concentrates on one."
Q.100 What are the probability axioms?,"The fundamental rules that control the behaviour and characteristics of probabilities in probability theory and statistics are referred to as the probability axioms, sometimes known as the probability laws or probability principles."
